fec;pet;eur;oro;dol;c18;c36;ibe
141217;63.31;3550.34;1307.9;3015.41;55.16;60.276;10176.5
151217;63.23;3528.11;1308.1;2999.07;55.215;59.914;10150.4
161217;63.07;3525.21;1310.78;2996.61;55.224;59.555;10173.23
171217;63.17;3525.21;1314.86;2996.61;55.162;59.238;10213.11
181217;63.41;3539.3;1316.3;2996.61;55;59;10244.1
191217;63.8;3513.87;1315.5;2975.59;54.724;58.869;10234.3
201217;64.56;3531.09;1321.1;2972.05;54.367;58.828;10207.7
211217;64.9;3517.11;1322;2965.77;53.976;58.849;10304.6
221217;65.25;3506.8;1330.5;2963.58;53.598;58.905;10182
231217;65.91;3505.1;1303.26;2962.14;53.278;58.967;10091.28
241217;66.66;3505.1;1268.44;2962.14;53.063;59.008;10090.5
251217;67.14;3505.1;1277.9;2962.14;53;59;10133.39
261217;67.02;3514.28;1339.2;2962.14;53.118;58.923;10173.71
271217;66.44;3522.72;1343;2962.26;53.38;58.79;10165.2
281217;66.72;3547.23;1350.1;2971.63;53.734;58.622;10093.1
291217;66.87;3582.89;1362.6;2984;54.126;58.438;10043.9
301217;66.54;3582.89;1335.32;2984;54.504;58.259;10034.72
311217;66.09;3582.89;1299.65;2984;54.812;58.107;10049.59
10118;65.95;3582.89;1308.7;2984;55;58;10070.41
20118;66.57;3593.93;1370.5;2984;55.029;57.954;10079.1
30118;67.84;3535.6;1374.2;2940.94;54.928;57.955;10116
40118;68.07;3511.94;1377.4;2908.68;54.74;57.984;10314.4
50118;67.62;3473.01;1378.4;2885.76;54.509;58.022;10411.4
60118;67.23;3488.13;1379.97;2898.32;54.279;58.051;10420.96
70118;67.21;3488.13;1380.98;2898.32;54.095;58.05;10402.18
80118;67.78;3470.74;1376.8;2898.32;54;58;10398.4
90118;68.82;3457.41;1370;2898.32;54.025;57.889;10426.5
100118;69.2;3491.42;1377;2914.37;54.148;57.732;10428.3
110118;69.26;3487.86;1380.1;2895.69;54.333;57.55;10435.2
120118;69.87;3480.5;1394.4;2865.79;54.546;57.364;10462.4
130118;70.56;3468.44;1371.79;2855.86;54.752;57.196;10458.47
140118;70.83;3468.44;1337.4;2855.86;54.915;57.068;10445.03
150118;70.26;3504.71;1341.8;2855.86;55;57;10467.2
160118;69.15;3492.43;1396.8;2855.86;54.982;57.008;10520.4
170118;69.38;3510.76;1399.7;2868.03;54.878;57.085;10474.6
180118;69.31;3489.21;1387.4;2851.13;54.715;57.215;10432.7
190118;68.61;3467.48;1394.3;2836.85;54.518;57.386;10479.5
200118;68.24;3485.69;1398.59;2851.75;54.316;57.583;10522.62
210118;68.4;3485.69;1396.91;2851.75;54.134;57.792;10550.44
220118;69.03;3493.39;1394;2851.75;54;58;10584
230118;69.96;3508.38;1398.2;2854.2;53.932;58.194;10609.5
240118;70.53;3539.11;1419.1;2858.5;53.919;58.372;10563
250118;70.42;3526.23;1425.9;2820.53;53.942;58.533;10595.3
260118;70.52;3459.99;1416;2783.13;53.98;58.677;10595.4
270118;70.39;3487.33;1409.31;2805.12;54.016;58.803;10614.11
280118;69.98;3487.33;1406.82;2805.12;54.029;58.911;10623.23
290118;69.46;3465.73;1403.6;2805.12;54;59;10555.6
300118;69.02;3527.75;1398.5;2842.67;53.916;59.07;10428.2
310118;69.05;3542.66;1401.7;2844.14;53.786;59.119;10451.5
10218;69.65;3535.02;1406.7;2835.05;53.626;59.146;10399
20218;68.58;3490.37;1396.2;2806.67;53.452;59.149;10211.2
30218;67.87;3522.04;1391.44;2832.13;53.279;59.126;10176.66
40218;67.75;3522.04;1393.35;2832.13;53.123;59.077;10200.19
50218;67.62;3517.22;1394.5;2832.13;53;59;10064.5
60218;66.86;3509.86;1387;2843.6;52.921;58.894;9810
70218;65.51;3496.87;1372.3;2844.83;52.882;58.765;9976.9
80218;64.81;3469.54;1376.4;2830.89;52.875;58.619;9756.3
90218;62.79;3506.05;1372.3;2862.78;52.892;58.463;9639.6
100218;61.97;3562.28;1373.7;2908.7;52.923;58.304;9693.33
110218;62.28;3562.28;1380.1;2908.7;52.962;58.147;9780.13
120218;62.59;3570.43;1383.1;2908.7;53;58;9771.1
130218;62.72;3588.25;1387;2904.29;53.03;57.867;9650.7
140218;64.36;3603.29;1415.1;2904.71;53.05;57.743;9686.2
150218;64.33;3613.37;1413.7;2895.79;53.06;57.62;9714.9
160218;64.84;3549.56;1415;2851.74;53.061;57.492;9832.1
170218;65.47;3551.33;1387.06;2853.16;53.051;57.35;9845.38
180218;65.78;3551.33;1350.5;2853.16;53.031;57.189;9793.7
190218;65.67;3536.49;1347.8;2853.16;53;57;9806.2
200218;65.25;3520.8;1390.1;2853.16;52.96;56.781;9895.3
210218;65.42;3525.42;1392.3;2862.01;52.918;56.55;9823.3
220218;66.39;3545.33;1393.1;2877.94;52.884;56.33;9876.5
230218;67.31;3537.61;1390.7;2877.04;52.866;56.142;9822.4
240218;67.88;3503.86;1394.31;2849.59;52.873;56.009;9809.29
250218;67.98;3503.86;1399.26;2849.59;52.915;55.954;9855.07
260218;67.5;3501.01;1394.8;2849.59;53;56;9902.4
270218;66.63;3487.72;1381.3;2849.91;53.133;56.16;9900.2
280218;65.78;3482.81;1380.8;2855.93;53.301;56.412;9840.3
10318;63.83;3492.29;1367.6;2867.94;53.484;56.726;9738.6
20318;64.37;3543.82;1385.8;2879.05;53.663;57.073;9531.1
30318;65.01;3543.95;1389.94;2879.15;53.822;57.421;9467.62
40318;65.23;3543.95;1381.39;2879.15;53.94;57.74;9526.88
50318;65.54;3548.84;1382.1;2879.15;54;58;9590.8
60318;65.79;3544.99;1397.5;2859.09;53.988;58.178;9586.8
70318;64.34;3528.15;1389.5;2845.05;53.911;58.278;9599.3
80318;63.61;3524.14;1384;2858.88;53.783;58.31;9646.2
90318;65.49;3536.94;1386.9;2871.36;53.615;58.288;9686.1
100318;66.31;3531.48;1385.8;2866.93;53.42;58.221;9720.34
110318;65.79;3531.48;1382.62;2866.93;53.211;58.121;9739.48
120318;64.95;3531.2;1383.7;2866.93;53;58;9727.5
130318;64.64;3535.14;1390.3;2851.84;52.798;57.867;9691.7
140318;64.89;3520.03;1388.6;2848.38;52.611;57.726;9688.5
150318;65.12;3505.69;1380.6;2845.76;52.441;57.58;9684.2
160318;66.21;3499.56;1375.2;2850.04;52.292;57.432;9761
170318;66.43;3502.56;1377.38;2852.48;52.166;57.284;9762.08
180318;66.04;3502.56;1381.79;2852.48;52.068;57.139;9702.69
190318;66.05;3516.82;1380.6;2852.48;52;57;9664.1
200318;67.42;3499.99;1375.1;2852.48;51.964;56.868;9681.6
210318;69.47;3516.56;1385.5;2866.92;51.954;56.74;9630.9
220318;68.91;3508.34;1391.1;2850.69;51.961;56.612;9487.4
230318;70.45;3532.05;1413.9;2857.88;51.977;56.478;9393.1
240318;71.11;3521.09;1427.68;2849.01;51.995;56.334;9343.55
250318;70.61;3521.09;1427.8;2849.01;52.005;56.177;9335.97
260318;70.12;3544.45;1419.9;2849.01;52;56;9381
270318;70.11;3490.56;1406.7;2816.33;51.975;55.804;9473.6
280318;69.53;3433.35;1387.8;2780.04;51.939;55.599;9555
290318;70.27;3419.14;1384.9;2780.47;51.902;55.402;9600.4
300318;70.17;3419.14;1392.12;2780.47;51.879;55.229;9636.83
310318;69.15;3419.14;1401.71;2780.47;51.879;55.093;9662.42
10418;68.03;3419.14;1407.84;2780.47;51.916;55.012;9664.7
20418;67.64;3422.2;1404.7;2780.47;52;55;9631.25
30418;68.12;3427.8;1395.4;2792.96;52.139;55.067;9549.6
40418;68.02;3416.72;1398.6;2778.27;52.315;55.196;9513.3
50418;68.33;3413.25;1387;2791.57;52.508;55.365;9740.9
60418;67.11;3417.3;1394.8;2787.36;52.695;55.552;9682.8
70418;66.41;3422.84;1400.71;2791.88;52.854;55.735;9639.04
80418;66.93;3422.84;1400.17;2791.88;52.963;55.892;9681.06
90418;68.65;3436.8;1398.5;2791.88;53;56;9742.8
100418;71.04;3435.43;1404.4;2781.95;52.951;56.041;9763.5
110418;72.06;3427.39;1418.9;2767.82;52.832;56.015;9735.8
120418;72.02;3366.26;1400.3;2733.24;52.666;55.925;9747
130418;72.58;3340.38;1406.6;2710.03;52.477;55.775;9767.3
140418;72.6;3334.6;1413.48;2705.34;52.287;55.568;9767.31
150418;72.06;3334.6;1412.92;2705.34;52.12;55.309;9759.79
160418;71.42;3345.15;1409.3;2705.34;52;55;9766.1
170418;71.58;3365.28;1408;2726.47;51.943;54.649;9803.9
180418;73.48;3373.28;1412.2;2725.66;51.936;54.278;9857.3
190418;73.78;3344.98;1407.5;2705.64;51.961;53.911;9868
200418;74.06;3344.83;1396.9;2724.47;51.999;53.575;9884.2
210418;74.61;3385.95;1385.8;2757.96;52.031;53.294;9910.04
220418;74.98;3385.95;1379.32;2757.96;52.038;53.094;9928.44
230418;74.71;3369.95;1382.7;2757.96;52;53;9922
240418;73.86;3418.97;1391.8;2799.45;51.905;53.027;9883.4
250418;74;3389.89;1381.6;2785.22;51.765;53.151;9858
260418;74.74;3415.94;1376.7;2820.29;51.597;53.337;9902.3
270418;74.64;3403.52;1382.3;2812.83;51.418;53.549;9925.4
280418;75.23;3395.6;1386.85;2806.28;51.248;53.754;9927.71
290418;75.88;3395.6;1385.99;2806.28;51.102;53.916;9937.38
300418;75.17;3390.27;1377.8;2806.28;51;54;9980.6
10518;73.13;3368.53;1365.1;2809.92;50.953;53.982;10060.63
20518;73.36;3359.26;1364;2809.92;50.949;53.879;10088.9
30518;73.62;3384.51;1371.1;2831.99;50.973;53.716;10038.8
40518;74.87;3409.13;1373.4;2857.85;51.006;53.52;10104.1
50518;76.3;3391.9;1373.35;2843.41;51.033;53.318;10146.07
60518;76.98;3391.9;1372.95;2843.41;51.037;53.136;10145.04
70518;76.17;3387.35;1372.9;2843.41;51;53;10140.9
80518;74.85;3339.51;1372.5;2817.2;50.911;52.93;10168.1
90518;77.21;3397.36;1371.7;2866;50.78;52.914;10221.2
100518;77.47;3396.53;1380.8;2859.51;50.62;52.935;10246.6
110518;77.12;3370.76;1379.1;2822.37;50.448;52.972;10271.4
120518;77.34;3372.76;1384.14;2824.05;50.277;53.008;10280.98
130518;77.86;3372.76;1388.95;2824.05;50.123;53.023;10274.1
140518;78.23;3379.54;1376.6;2824.05;50;53;10257.8
150518;78.43;3349.61;1348.5;2824.05;49.919;52.925;10207.6
160518;79.28;3405.71;1350.1;2889.87;49.877;52.805;10111
170518;79.3;3378.56;1347.9;2865.37;49.866;52.654;10216.4
180518;78.51;3396.8;1349.2;2886.23;49.881;52.485;10112.4
190518;78.32;3443.22;1349.53;2925.67;49.912;52.311;10010.38
200518;78.71;3443.22;1348.52;2925.67;49.954;52.145;9996.93
210518;79.22;3437.37;1349;2925.67;50;52;10066.5
220518;79.57;3410.78;1350;2897.37;50.042;51.888;10138.8
230518;79.8;3337.02;1347.4;2851.42;50.077;51.811;10025
240518;78.79;3356.58;1362.4;2863.24;50.101;51.771;9996
250518;76.44;3336.39;1361.4;2863.12;50.108;51.769;9826.5
260518;75.32;3364.41;1332.44;2887.16;50.097;51.806;9803.09
270518;75.28;3364.41;1298.3;2887.16;50.062;51.882;9854.4
280518;75.3;3354.88;1297.6;2887.16;50;52;9764.4
290518;75.39;3338.42;1354.6;2887.16;49.908;52.157;9521.3
300518;77.5;3360.01;1357.6;2893.82;49.791;52.339;9566.2
310518;77.59;3360.74;1355.9;2879.32;49.653;52.527;9465.5
10618;76.79;3369.52;1350.9;2889.32;49.499;52.705;9632.4
20618;75.99;3344.92;1346.77;2868.22;49.336;52.855;9778.77
30618;75.43;3344.92;1346.21;2868.22;49.168;52.959;9808.9
40618;75.29;3354.38;1349.4;2868.22;49;53;9750.3
50618;75.38;3346.64;1354.1;2868.22;48.838;52.965;9686.4
60618;75.36;3375.41;1353.5;2865.37;48.681;52.867;9791.6
70618;77.32;3344.32;1354.4;2828.42;48.531;52.721;9829
80618;76.46;3336.3;1354.4;2835.78;48.388;52.544;9746.3
90618;76.06;3359.85;1355.38;2855.8;48.251;52.354;9745.52
100618;76.46;3359.85;1356.47;2855.8;48.122;52.167;9820.85
110618;76.46;3371.27;1355.5;2855.8;48;52;9898.3
120618;75.88;3365.56;1351.8;2855.8;47.887;51.868;9914.4
130618;76.74;3363.39;1353.5;2857.11;47.793;51.775;9899.1
140618;75.94;3330.65;1360.6;2859.17;47.73;51.724;9957.7
150618;73.44;3321.92;1329.3;2859.78;47.707;51.719;9851
160618;73.09;3357.09;1315.47;2890.06;47.737;51.761;9781
170618;74.36;3357.09;1322.35;2890.06;47.831;51.854;9773.71
180618;75.34;3355.94;1331.1;2890.06;48;52;9769.4
190618;75.08;3375.4;1329.2;2919.14;48.249;52.197;9755.4
200618;74.74;3394.12;1325.3;2931.78;48.556;52.422;9788.9
210618;73.05;3384.88;1321;2916.49;48.895;52.648;9702.1
220618;75.55;3426.89;1321.3;2944.82;49.236;52.846;9792.1
230618;76.3;3395.93;1323.65;2918.22;49.552;52.989;9791.49
240618;75.2;3395.93;1324.15;2918.22;49.816;53.05;9694.9
250618;74.73;3409.94;1319.2;2918.22;50;53;9617.9
260618;76.31;3414.83;1309.6;2927.67;50.082;52.823;9637.4
270618;77.62;3390.2;1305.7;2924.1;50.069;52.545;9658.6
280618;77.85;3397.75;1300.2;2934.91;49.972;52.206;9589
290618;79.44;3438.1;1303.9;2945.09;49.805;51.844;9622.7
300618;79.46;3421.42;1294.73;2930.8;49.579;51.497;9605.65
10718;78.21;3421.42;1282.85;2930.8;49.306;51.203;9553.65
20718;77.3;3401.19;1289.9;2930.8;49;51;9558.3
30718;77.76;3413.8;1302.4;2930.8;48.673;50.917;9660.9
40718;78.24;3387.92;1258.1;2909.83;48.337;50.944;9757.5
50718;77.39;3405.08;1307.6;2909.83;48.006;51.06;9866.2
60718;77.11;3392.23;1304.8;2885.53;47.694;51.244;9905
70718;76.76;3371.55;1297.51;2867.94;47.413;51.476;9915.99
80718;76.76;3371.55;1302.86;2867.94;47.178;51.734;9921.52
90718;78.07;3372.12;1309;2867.94;47;52;9927
100718;78.86;3376.35;1305.1;2881.09;46.889;52.254;9889.3
110718;73.4;3366.71;1293.3;2872.62;46.837;52.485;9733.6
120718;74.45;3364.82;1295.4;2880.1;46.83;52.685;9767.4
130718;75.33;3362.16;1289.7;2882.02;46.856;52.845;9734.8
140718;74.39;3338.46;1289.72;2861.7;46.902;52.957;9708.94
150718;72.85;3338.46;1292.74;2861.7;46.954;53.011;9712.2
160718;71.84;3349.91;1288.2;2861.7;47;53;9716.9
170718;72.16;3351.52;1275.3;2868.96;47.03;52.919;9719.4
180718;72.9;3350.61;1275.7;2878.28;47.044;52.784;9753.2
190718;72.58;3340.4;1271.1;2876.93;47.046;52.615;9721.1
200718;73.07;3375.79;1277.5;2883.81;47.039;52.432;9724.8
210718;73.26;3375.79;1279.74;2883.81;47.026;52.255;9713.22
220718;73.1;3375.79;1276.05;2883.81;47.012;52.104;9698.7
230718;73.06;3374.92;1271.4;2883.81;47;52;9726.1
240718;73.44;3391.5;1271.5;2897.73;46.992;51.956;9773.1
250718;73.93;3382.97;1277.4;2898.36;46.988;51.959;9703.1
260718;74.54;3360.81;1271.8;2882.84;46.987;51.99;9780
270718;74.29;3362.72;1269.3;2886.21;46.989;52.029;9867.9
280718;74.35;3356.41;1267.86;2880.79;46.992;52.057;9883.89
290718;74.74;3356.41;1266.87;2880.79;46.996;52.054;9862.05
300718;74.97;3373.41;1268;2880.79;47;52;9854.1
310718;74.25;3364.3;1270.1;2875.72;47.003;51.883;9870.7
10818;72.39;3369.18;1264.3;2886.8;47.004;51.72;9799.3
20818;73.45;3358.62;1256.5;2892.62;47.005;51.532;9698.2
30818;73.21;3366.49;1259.7;2904.9;47.005;51.344;9739.8
40818;72.68;3359.64;1260.29;2898.99;47.004;51.177;9747.06
50818;72.76;3359.64;1257.06;2898.99;47.002;51.054;9717.74
60818;73.75;3350.36;1254.1;2898.99;47;51;9722.7
70818;74.65;3360.07;1254.7;2898.86;46.998;51.029;9772.8
80818;72.28;3363.26;1257.3;2898.86;46.995;51.129;9747.1
90818;72.07;3365.89;1256.3;2908.9;46.993;51.28;9754.6
100818;72.81;3337.21;1255.1;2919.44;46.992;51.463;9602.1
110818;72.93;3361.8;1247.28;2940.95;46.993;51.657;9508.65
120818;72.68;3361.8;1237.57;2940.95;46.995;51.842;9503.99
130818;72.61;3357.09;1234.6;2940.95;47;52;9530.4
140818;72.46;3393.03;1236.4;2983.93;47.007;52.114;9507
150818;70.76;3396.31;1220.2;3002.66;47.016;52.184;9386.8
160818;71.43;3470.26;1219.2;3046.76;47.023;52.213;9427.4
170818;71.83;3444.7;1219.3;3019.55;47.027;52.206;9417.3
180818;72.03;3449.8;1220.98;3024.02;47.026;52.165;9400.32
190818;72.21;3449.8;1224.92;3024.02;47.017;52.095;9414.76
200818;72.21;3456.76;1229.6;3024.02;47;52;9468.6
210818;72.63;3483.07;1234.9;3024.02;46.973;51.883;9549
220818;74.78;3468.41;1238.2;2990.78;46.943;51.749;9580.2
230818;74.73;3432.21;1228.4;2965.45;46.916;51.603;9567.3
240818;75.82;3465.29;1248.2;2980.64;46.901;51.45;9589.5
250818;76.63;3439.49;1259.44;2958.45;46.905;51.295;9634.57
260818;76.66;3439.49;1256.93;2958.45;46.935;51.143;9668.7
270818;76.21;3452.22;1251.2;2958.45;47;51;9659.8
280818;75.95;3436.66;1249.6;2934.31;47.103;50.871;9606.5
290818;77.14;3467.85;1246.5;2966;47.237;50.766;9569.5
300818;77.77;3496.3;1239.5;2999.57;47.392;50.697;9467.6
310818;77.42;3522.07;1241.1;3027.39;47.556;50.674;9399.1
10918;77.39;3552.02;1225.23;3053.14;47.719;50.71;9369.65
20918;77.74;3552.02;1204.9;3053.14;47.871;50.815;9364.91
30918;78.15;3549.28;1206.3;3053.14;48;51;9376.1
40918;78.17;3527.6;1233.6;3053.14;48.098;51.27;9376.3
50918;77.27;3590.04;1236;3088.47;48.164;51.598;9301.3
60918;76.5;3605.73;1239.1;3100.37;48.197;51.954;9208.7
70918;76.83;3578.22;1235.5;3089.47;48.197;52.305;9171.2
80918;76.82;3555.85;1233.22;3070.15;48.164;52.617;9189.55
90918;76.72;3555.85;1233.83;3070.15;48.098;52.86;9233.86
100918;77.37;3562.3;1235;3070.15;48;53;9270.8
110918;79.06;3555.7;1237.6;3069.49;47.871;53.016;9284.1
120918;79.74;3589.18;1246.6;3087.73;47.719;52.928;9306.8
130918;78.18;3566.11;1243.8;3055.01;47.556;52.766;9329.2
140918;78.09;3522.11;1236.6;3019.38;47.392;52.562;9365.3
150918;78.01;3522.11;1236.4;3026.05;47.237;52.346;9380.17
160918;77.78;3530.1;1240.14;3026.05;47.103;52.148;9384.3
170918;78.05;3527.5;1241.2;3026.05;47;52;9404.6
180918;79.03;3517;1238.3;3013.38;46.936;51.923;9447.5
190918;79.4;3537.5;1244.1;3007.03;46.905;51.906;9486.3
200918;78.7;3539;1247;3018.63;46.901;51.928;9583.7
210918;78.8;3524;1236.9;3014.18;46.916;51.969;9590.4
220918;79.4;3524;1232.78;3006.96;46.943;52.009;9567.08
230918;80.23;3534.4;1235.69;3006.96;46.973;52.026;9541.47
240918;81.2;3527.5;1240;3006.96;47;52;9512.8
250918;81.87;3534.5;1240.8;2991.9;47.017;51.917;9493.6
260918;81.34;3521.5;1234.4;3001.88;47.025;51.788;9524.8
270918;81.72;3477;1222.4;3000.14;47.026;51.628;9527.5
280918;82.72;3439.5;1231.3;2989.58;47.022;51.453;9389.2
290918;83.93;3439.5;1230.85;2972.18;47.015;51.279;9365.21
300918;84.87;3458;1223.96;2972.18;47.007;51.123;9418.43
11018;84.98;3473;1227;2972.18;47;51;9407
21018;84.8;3485.5;1242.7;2993.74;46.996;50.923;9305.5
31018;86.29;3462;1238.7;3005.5;46.995;50.886;9361.1
41018;84.58;3494.5;1237.5;3012.65;46.995;50.881;9314.5
51018;84.16;3495;1242.2;3028.16;46.997;50.899;9253.9
61018;83.78;3495;1237.89;3031.31;46.998;50.931;9198.78
71018;83.4;3487.5;1228.8;3031.31;47;50.967;9169.02
81018;83.91;3501;1224.9;3031.31;47;51;9199.2
91018;85;3516.5;1227.8;3031.31;46.999;51.021;9260.5
101018;83.09;3564.5;1229.4;3057.55;46.996;51.032;9162.9
111018;80.26;3583;1264;3090.3;46.994;51.034;9007.9
121018;80.43;3581;1258.1;3087.34;46.992;51.029;8902
131018;80.63;3581;1253.47;3088.78;46.992;51.021;8832.61
141018;80.47;3577.9;1259.63;3088.78;46.994;51.01;8825.51
151018;80.78;3583.5;1266.9;3088.78;47;51;8923.7
161018;81.41;3532.5;1267.3;3088.78;47.01;50.992;9074.7
171018;80.05;3527.5;1263.4;3055.93;47.021;50.986;8997.2
181018;79.29;3541.5;1266.6;3056.37;47.03;50.983;8889.6
191018;79.78;3545;1265.3;3088.47;47.036;50.983;8892.1
201018;80.92;3545;1259.42;3079.88;47.035;50.986;8893.5
211018;81.43;3544.1;1255.68;3079.88;47.024;50.991;8863.23
221018;79.83;3538.5;1261.3;3079.88;47;51;8806.5
231018;76.44;3580;1273.5;3087.58;46.963;51.011;8726.1
241018;76.17;3606.5;1267.6;3110.2;46.921;51.023;8677.4
251018;76.89;3607;1269;3149.7;46.885;51.032;8785.2
261018;77.62;3628;1272.3;3167.18;46.864;51.038;8730.4
271018;78.19;3628;1270.2;3185.26;46.87;51.036;8727.49
281018;78.24;3597.8;1265.68;3185.26;46.911;51.024;8787.82
291018;77.34;3624.5;1263.7;3185.26;47;51;8821.2
301018;75.91;3638.5;1261.5;3188.69;47.141;50.964;8806.1
311018;75.47;3641.5;1250.8;3202.44;47.317;50.922;8893.5
11118;72.89;3644;1274.8;3219.85;47.509;50.887;8954.8
21118;72.83;3628;1269.9;3193.8;47.694;50.867;8993
31118;73.5;3628;1266.04;3177.57;47.851;50.872;9028.85
41118;73.73;3655.9;1268.99;3177.57;47.961;50.913;9043.57
51118;73.17;3630;1269;3177.57;48;51;9010.7
61118;72.13;3596.5;1263;3177.57;47.956;51.138;8988.9
71118;72.07;3575;1265.4;3154.55;47.842;51.311;9167.9
81118;70.65;3583;1262;3140.25;47.682;51.5;9177
91118;70.18;3605;1245;3145.39;47.495;51.683;9134.8
101118;71.4;3605;1237.54;3176.89;47.305;51.841;9083.49
111118;72.24;3579.9;1238.8;3176.89;47.133;51.954;9050.28
121118;70.12;3565.5;1239.6;3176.89;47;52;9076.3
131118;65.47;3600;1237.5;3176.89;46.923;51.967;9145.4
141118;66.12;3624;1246.2;3197.2;46.894;51.866;9106.6
151118;66.62;3613.5;1251.7;3194.7;46.899;51.716;9073.5
161118;66.76;3618;1259;3198.29;46.926;51.536;9056.8
171118;68.02;3618;1265.06;3173.59;46.961;51.344;9081.88
181118;68.82;3614.2;1266.64;3173.59;46.99;51.159;9092.57
191118;66.79;3637.5;1261.6;3173.59;47;51;9006.3
201118;62.53;3636;1257.5;3178.81;46.982;50.882;8866.5
211118;63.48;3635;1264.7;3189.51;46.947;50.806;8960.6
221118;62.6;3640.5;1228;3196.26;46.907;50.771;8906.2
231118;58.8;3661;1260;3196.26;46.878;50.775;8916.7
241118;57.71;3661;1281.86;3223.95;46.875;50.816;8984.4
251118;59.01;3619.2;1276.27;3223.95;46.91;50.891;9054.63
261118;60.48;3675.5;1259.7;3223.95;47;51;9091.2
271118;60.21;3684;1250.4;3240.65;47.151;51.138;9085.6
281118;58.76;3718;1260.2;3250.56;47.343;51.297;9102.7
291118;59.51;3690.5;1260.8;3274.47;47.551;51.464;9098.9
301118;58.71;3660;1256.5;3240.02;47.747;51.63;9077.2
11218;58.97;3660;1256.63;3235.27;47.905;51.781;9130.69
21218;60.37;3683.2;1261.68;3235.27;47.998;51.909;9199.9
31218;61.69;3621;1270.2;3235.27;48;52;9179.6
41218;62.08;3603.5;1277.4;3196.15;47.895;52.048;9061.7
51218;61.56;3584.5;1273.4;3174.11;47.712;52.061;9012.2
61218;60.06;3624.5;1274.3;3162.29;47.49;52.05;8764.5
71218;61.67;3582.5;1283.6;3187.86;47.269;52.027;8815.5
81218;61.96;3582.5;1287.15;3153.29;47.087;52.003;8809.18
91218;60.82;3625.9;1284.55;3153.29;46.984;51.99;8713.13
101218;59.97;3624;1280;3153.29;47;52;8660
111218;60.2;3606;1278.1;3176.12;47.16;52.042;8735.5
121218;60.15;3603;1281;3184.7;47.435;52.117;8853.4
131218;61.45;3613.5;1278.4;3169.36;47.78;52.227;8926.3
141218;60.28;3613.5;1272.2;3178.4;48.153;52.37;8886.1
151218;60.42;3613.5;1272.38;3196.3;48.509;52.547;8879.1
161218;61.09;3588.1;1277.46;3196.3;48.806;52.757;8882.39
171218;59.61;3608.5;1282.6;3196.3;49;53;8812.5
181218;56.26;3643;1284;3188.66;49.059;53.272;8700.8
191218;57.24;3662;1286.8;3198.45;49.001;53.548;8769.1
201218;54.35;3743;1298.6;3216.55;48.856;53.801;8596.5
211218;53.82;3746.5;1288.6;3246.86;48.654;54.001;8556.8
221218;52.47;3746.5;1297.37;3285.34;48.424;54.12;8559.25
231218;50.6;3727;1312.71;3285.34;48.196;54.129;8536.73
241218;50.47;3756;1302.4;3285.34;48;54;8480.6
251218;53.1;3743.5;1270.75;3285.51;47.86;53.719;8394.82
261218;54.47;3729.5;1303.7;3285.51;47.776;53.334;8333.65
271218;52.16;3744.5;1311.9;3289.69;47.743;52.906;8363.9
281218;52.2;3716;1313.7;3275.01;47.754;52.496;8493.7
291218;52.89;3716;1324.22;3249.75;47.805;52.168;8554.17
301218;53.39;3761.5;1329.83;3249.75;47.888;51.982;8549.05
311218;53.8;3725;1312.5;3249.75;48;52;8539.9
10119;54.24;3722.5;1283.35;3249.75;48.133;52.261;8562.57
20119;54.91;3674;1315.3;3249.75;48.282;52.71;8550
30119;55.95;3696.5;1326.1;3250.01;48.438;53.267;8523.3
40119;57.06;3638.5;1317.4;3241.2;48.595;53.854;8737.8
50119;57.34;3638.5;1316.26;3208.56;48.746;54.391;8825.56
60119;57.18;3643.5;1320.68;3208.56;48.883;54.799;8788.49
70119;57.33;3651.5;1321.5;3208.56;49;55;8776.3
80119;58.72;3605.5;1317.4;3208.56;49.09;54.941;8847.3
90119;61.44;3619.5;1323.5;3164.75;49.152;54.674;8823.6
100119;61.68;3608.5;1319.2;3128.07;49.184;54.28;8856.8
110119;60.48;3600;1321.3;3136.49;49.186;53.836;8877.1
120119;59.19;3600;1324.88;3151.49;49.156;53.422;8860.92
130119;58.49;3597.5;1325.96;3151.49;49.095;53.117;8832.34
140119;58.99;3603;1323.3;3151.49;49;53;8818.6
150119;60.64;3585;1319.7;3143.22;48.873;53.127;8850.1
160119;61.32;3554;1325.1;3137.66;48.723;53.458;8912.7
170119;61.18;3569;1323.6;3124.96;48.561;53.932;8908.6
180119;62.7;3550;1313.8;3140.19;48.396;54.485;9069.1
190119;63.72;3550;1298.72;3120.56;48.241;55.056;9148.75
200119;63.66;3550.5;1282.05;3120.56;48.105;55.582;9119.81
210119;62.74;3553.5;1279.05;3120.56;48;56;9053.8
220119;61.5;3573.5;1314.2;3120.56;47.933;56.264;9037.5
230119;61.14;3587;1315.2;3136.59;47.9;56.388;9128.8
240119;61.09;3585;1310.8;3146.14;47.894;56.404;9150
250119;61.64;3595.5;1329.1;3160.52;47.908;56.343;9185.2
260119;61.05;3595.5;1337.34;3150.58;47.935;56.234;9147.8
270119;59.99;3597;1335.15;3150.58;47.968;56.11;9076.58
280119;59.93;3608.5;1334.5;3150.58;48;56;9062.4
290119;61.32;3605.5;1340.2;3167.86;48.025;55.929;9119.1
300119;61.65;3631;1340.5;3157.52;48.042;55.896;9071.5
310119;61.89;3554.5;1350;3163.46;48.051;55.892;9056.7
10219;62.75;3540;1347.1;3115.7;48.051;55.908;9019.4
20219;63.25;3540;1343.44;3102.61;48.043;55.937;8962.31
30219;63.15;3539.5;1342.96;3102.61;48.026;55.971;8931.57
40219;62.51;3532;1344.3;3102.61;48;56;8975.2
50219;61.98;3550;1344.6;3089.4;47.966;56.019;9092
60219;62.69;3529;1339.7;3094.05;47.931;56.028;9100.9
70219;61.63;3537.5;1339.4;3108.54;47.903;56.029;8938.3
80219;62.1;3530.5;1343.7;3110.46;47.887;56.024;8856.8
90219;62.12;3530.5;1343.22;3115.94;47.894;56.017;8851.04
100219;61.61;3528.5;1339.41;3115.94;47.929;56.008;8884.57
110219;61.51;3539.5;1337;3115.94;48;56;8936.4
120219;62.42;3540.5;1338.9;3132.61;48.112;55.995;8983.1
130219;63.61;3537.5;1340.1;3131.1;48.255;55.993;8982.4
140219;64.57;3559.5;1338.7;3135.56;48.418;55.993;8952.5
150219;66.25;3539.5;1346.8;3155.27;48.586;55.994;9123.2
160219;67.04;3539.5;1338.8;3141.4;48.747;55.996;9219.55
170219;66.92;3540;1324.25;3141.4;48.89;55.998;9207.02
180219;66.5;3544.5;1329.55;3141.4;49;56;9155.5
190219;66.45;3534;1369.6;3141.4;49.069;56.001;9136.4
200219;67.08;3527;1372.5;3118.36;49.102;56.001;9181.1
210219;67.07;3541.5;1352.4;3112.18;49.107;56;9191.2
220219;67.12;3526;1357.6;3119.42;49.091;56;9204.6
230219;66.45;3526;1360.8;3110.29;49.062;55.999;9202.28
240219;65.41;3525.5;1357.35;3110.29;49.029;55.999;9193.94
250219;64.76;3527;1354.2;3110.29;49;56;9204.3
260219;65.21;3514;1353.4;3101.41;48.981;56.002;9227.2
270219;66.39;3491;1346;3095.29;48.971;56.004;9211.7
280219;66.03;3504;1341;3072.01;48.969;56.006;9277.7
10319;65.07;3522.5;1323.8;3077.35;48.973;56.007;9267.7
20319;64.84;3522.5;1314.17;3091.49;48.981;56.007;9255.98
30319;65.21;3522.5;1312.73;3091.49;48.991;56.005;9260.16
40319;65.67;3510.5;1311.9;3091.49;49;56;9259.8
50319;65.86;3505;1309.1;3093.79;49.008;55.992;9258.2
60319;65.99;3512;1312.2;3099.12;49.013;55.984;9296.7
70319;66.3;3518;1310.7;3106.16;49.016;55.976;9249.9
80319;65.74;3567.5;1324.3;3120.04;49.017;55.971;9129.3
90319;65.74;3567.5;1327.51;3162.4;49.014;55.973;9099.97
100319;66.24;3565;1320.84;3162.4;49.009;55.981;9140.47
110319;66.58;3575.5;1315.7;3162.4;49;56;9171.9
120319;66.67;3554;1322.4;3168.35;48.988;56.029;9161.7
130319;67.55;3563;1333.8;3153.2;48.976;56.062;9192.7
140319;67.23;3551.5;1319.4;3145.53;48.966;56.091;9209.8
150319;67.16;3535;1327.1;3144.42;48.96;56.107;9342.2
160319;67.36;3535;1330.35;3123.28;48.962;56.103;9391.24
170319;67.54;3534;1326.39;3123.28;48.975;56.07;9377.69
180319;67.54;3514;1325.8;3123.28;49;56;9409.1
190319;67.61;3516.5;1330.9;3102.25;49.039;55.889;9492.3
200319;68.5;3524.5;1325.8;3095.39;49.083;55.745;9405.6
210319;67.86;3513.5;1331.6;3092.39;49.121;55.583;9355.6
220319;67.03;3543;1336.5;3082.45;49.143;55.414;9199.4
230319;66.61;3543;1342.79;3126.19;49.137;55.252;9130.83
240319;66.65;3537.5;1348.04;3126.19;49.093;55.11;9151.92
250319;67.21;3543;1346.7;3126.19;49;55;9179.9
260319;67.97;3555.5;1339.2;3126.19;48.853;54.932;9183.1
270319;67.83;3572;1334.7;3145.55;48.669;54.902;9229.9
280319;67.82;3566;1313.3;3186.43;48.472;54.899;9174.7
290319;68.39;3576.5;1316.5;3190.94;48.283;54.917;9240.3
300319;68.71;3576.5;1318.96;3174.79;48.126;54.945;9308.6
310319;68.82;3578;1315.48;3174.79;48.024;54.976;9338.35
10419;69.01;3523.5;1312.4;3174.79;48;55;9341.7
20419;69.37;3525;1313.4;3146.81;48.068;55.012;9363.5
30419;69.31;3509;1313.3;3143.36;48.207;55.012;9487.8
40419;69.4;3512;1312.2;3128.47;48.391;55.007;9534.1
50419;70.34;3504.5;1313.7;3132.78;48.591;54.998;9510.3
60419;71.19;3504.5;1315.35;3126.2;48.778;54.992;9484.41
70419;71.51;3505.5;1317.08;3126.2;48.923;54.991;9463.18
80419;71.1;3508;1319.9;3126.2;49;55;9437.7
90419;70.61;3495;1326.3;3115.22;48.987;55.021;9407.8
100419;71.73;3490;1331.9;3105.2;48.897;55.048;9406.5
110419;70.83;3511.5;1311.3;3095.66;48.75;55.074;9445.4
120419;71.55;3521.5;1313.4;3113.91;48.567;55.09;9468.5
130419;71.75;3521.5;1319.43;3109.32;48.367;55.088;9485.65
140419;71.3;3521;1318.77;3109.32;48.171;55.061;9497.67
150419;71.18;3551;1309.4;3109.32;48;55;9497.1
160419;71.72;3569;1295.2;3136.69;47.87;54.901;9497.3
170419;71.62;3567.5;1294.7;3160.87;47.784;54.771;9549.8
180419;71.97;3539;1294.1;3160.48;47.742;54.619;9581.9
190419;72.48;3544.5;1277.9;3160.48;47.743;54.456;9605.97
200419;72.97;3544.5;1277.69;3160.48;47.787;54.292;9623.1
210419;73.49;3543;1289.31;3160.48;47.873;54.137;9622.74
220419;74.04;3554;1295.8;3160.48;48;54;9594.3
230419;74.51;3571.5;1291.2;3149.99;48.165;53.891;9527.2
240419;74.57;3594;1297.4;3177.94;48.354;53.813;9456.4
250419;74.35;3600.5;1297.7;3213.23;48.547;53.77;9501.2
260419;72.15;3600;1306.8;3237.98;48.726;53.764;9506
270419;70.95;3600;1307.99;3227.79;48.873;53.799;9487.32
280419;71.14;3600.5;1302.48;3227.79;48.971;53.876;9482.68
290419;72.04;3635.5;1299.4;3227.79;49;54;9517.2
300419;72.8;3626.5;1303.6;3247.72;48.949;54.168;9570.6
10519;72.18;3619;1302.2;3233.97;48.833;54.364;9508.08
20519;70.75;3641.5;1289.9;3233.97;48.672;54.565;9418.2
30519;70.85;3626.5;1299.2;3262.17;48.488;54.751;9409.6
40519;71.55;3626.5;1304.62;3240.44;48.3;54.9;9419.07
50519;71.91;3621.5;1302.95;3240.44;48.131;54.99;9402.19
60519;71.24;3645.5;1301.8;3240.44;48;55;9331
70519;69.88;3694;1303.6;3254.03;47.923;54.917;9235.1
80519;70.37;3686;1299.5;3288.81;47.894;54.763;9227
90519;70.39;3675.5;1303.2;3290.12;47.898;54.569;9095.2
100519;70.62;3678;1305.3;3293.62;47.924;54.365;9117.5
110519;70.39;3678;1311.55;3274.3;47.958;54.181;9102.85
120519;70;3678;1318.72;3274.3;47.988;54.05;9048.45
130519;70.23;3709.5;1319.5;3274.3;48;54;9046.8
140519;71.24;3690.5;1313.6;3299.01;47.986;54.053;9127.6
150519;71.77;3679.5;1315.1;3285.14;47.956;54.188;9177.1
160519;72.62;3687;1303.5;3295.51;47.921;54.373;9304.3
170519;72.21;3707;1293;3290.27;47.895;54.578;9280.1
180519;71.79;3707;1291.25;3313.72;47.891;54.771;9223.68
190519;71.75;3707.5;1293.86;3313.72;47.921;54.922;9193.69
200519;71.97;3745.5;1294.6;3313.72;48;55;9199.7
210519;72.18;3729;1290.4;3342.21;48.134;54.982;9239.1
220519;70.99;3720.5;1291.4;3344.45;48.307;54.883;9232.2
230519;67.76;3777;1302.7;3340.96;48.497;54.727;9114
240519;68.69;3764;1301;3368.76;48.683;54.537;9174.6
250519;69.85;3764;1291.82;3358.84;48.844;54.337;9223.48
260519;70.14;3764.5;1284.15;3358.84;48.956;54.15;9222.71
270519;70.11;3762;1284.95;3358.84;49;54;9216.4
280519;70.11;3768.5;1294.3;3358.84;48.96;53.905;9191.8
290519;69.45;3732;1297.9;3362.48;48.85;53.86;9080.5
300519;66.87;3745.5;1304.1;3375.29;48.692;53.854;9157.8
310519;64.49;3780;1322.6;3357.82;48.506;53.875;9004.2
10619;62.51;3780;1334.87;3377.16;48.315;53.914;8905.96
20619;61.25;3776.5;1338.97;3377.16;48.139;53.959;8930.99
30619;61.28;3795.5;1339.3;3377.16;48;54;9022.8
40619;61.97;3704.5;1340.1;3377.16;47.913;54.027;9117.6
50619;60.63;3709.5;1344.9;3306.37;47.874;54.042;9150.5
60619;61.67;3711.5;1354;3296.87;47.871;54.045;9169.2
70619;63.29;3704.5;1357.4;3288.69;47.893;54.04;9236.1
80619;63.36;3704.5;1352.93;3274.72;47.929;54.03;9280.33
90619;62.59;3700;1345.38;3274.72;47.968;54.016;9293.71
100619;62.29;3688;1340.7;3274.72;48;54;9294.1
110619;62.29;3692;1342.7;3257.06;48.016;53.985;9282.1
120619;59.97;3689.5;1348.2;3249.56;48.018;53.974;9238.5
130619;61.31;3686;1355.1;3264.47;48.012;53.965;9247.1
140619;62.01;3669;1355.9;3266.72;48.002;53.963;9194.2
150619;61.39;3669;1351.96;3270.7;47.994;53.967;9121.45
160619;60.64;3671.5;1349.25;3270.7;47.991;53.979;9085.55
170619;60.94;3684.5;1354.2;3270.7;48;54;9131.7
180619;62.14;3643.5;1362.1;3286.63;48.023;54.031;9240.7
190619;61.82;3637.5;1360.1;3264.98;48.052;54.064;9231.2
200619;64.45;3604;1408.3;3248.91;48.081;54.093;9208.5
210619;65.2;3641.5;1411.2;3202.01;48.098;54.109;9227.2
220619;65.15;3641.5;1411.57;3191.17;48.097;54.104;9236.03
230619;65.04;3647.5;1421.01;3191.17;48.067;54.07;9223.22
240619;64.86;3644;1429.5;3191.17;48;54;9192.5
250619;65.05;3625;1430.1;3191.17;47.891;53.889;9159.8
260619;66.49;3622;1426.8;3187.15;47.749;53.746;9157.4
270619;66.55;3635.5;1423.4;3177.94;47.587;53.584;9147.8
280619;66.55;3653;1425.1;3197.23;47.418;53.416;9198.8
290619;66.98;3653;1415.22;3205.67;47.255;53.254;9244.69
300619;66.88;3649.5;1401.73;3205.67;47.112;53.111;9265.28
10719;65.06;3618.5;1400.8;3205.67;47;53;9264.6
20719;62.4;3622.5;1419.8;3205.67;46.93;52.93;9281.5
30719;63.82;3606;1432.9;3211.06;46.897;52.897;9394.4
40719;63.3;3605;1423.55;3206.92;46.893;52.892;9401
50719;64.23;3605.5;1412.1;3206.92;46.909;52.908;9335
60719;64.93;3605.5;1409.25;3217.18;46.938;52.937;9294.89
70719;64.8;3606;1411.34;3217.18;46.971;52.97;9284.74
80719;64.11;3608;1412.2;3217.18;47;53;9284.7
90719;64.16;3605.5;1412.8;3207.66;47.019;53.021;9273.9
100719;67.01;3606;1424.9;3223.67;47.028;53.031;9252.9
110719;66.52;3600.5;1419.3;3212.91;47.029;53.035;9280.3
120719;66.72;3598.5;1424.8;3197.5;47.024;53.031;9293.2
130719;67.44;3598.5;1430.1;3190.33;47.017;53.023;9283.91
140719;67.61;3599;1430.21;3190.33;47.008;53.012;9282.73
150719;66.48;3595;1426.1;3190.33;47;53;9323.6
160719;64.35;3595;1423.6;3190.66;46.995;52.988;9377.1
170719;63.66;3585.68;1435.9;3199.72;46.993;52.977;9284.2
180719;61.93;3574.4;1440.8;3189.21;46.992;52.97;9225.7
190719;62.47;3572.15;1439.4;3183.01;46.993;52.967;9170.5
200719;62.93;3572.15;1440.4;3169.51;46.996;52.97;9120.14
210719;62.96;3515.48;1442;3169.51;46.998;52.981;9107.03
220719;63.26;3515.48;1439.7;3169.51;47;53;9163.5
230719;63.83;3554.69;1434.5;3177.76;47.001;53.028;9281.6
240719;63.18;3551.23;1436.5;3188.01;47.002;53.059;9329.7
250719;63.39;3563.35;1427.5;3194.67;47.002;53.086;9289.9
260719;63.46;3564.54;1432.2;3213.09;47.002;53.101;9225.5
270719;63.37;3564.54;1433.44;3233.26;47.001;53.096;9257.08
280719;63.39;3605.17;1431.03;3233.26;47.001;53.065;9300.96
290719;63.71;3603.47;1433.3;3233.26;47;53;9215.4
300719;64.72;3645.23;1441.8;3262.81;47;52.897;8986.6
310719;65.17;3677.67;1437.8;3296.85;47;52.762;8971
10819;60.5;3642.38;1432.4;3291.79;47;52.608;9038.2
20819;61.89;3698.12;1457.5;3329.23;47;52.444;8897.6
30819;62.5;3698.12;1475.18;3365.78;47;52.281;8815.15
40819;61.15;3755.83;1479.08;3365.78;47;52.129;8805.8
50819;59.81;3756.73;1476.5;3365.78;47;52;8777.2
60819;58.94;3882.48;1484.2;3459.47;47;51.902;8699.4
70819;56.23;3838.4;1519.6;3431.28;47;51.836;8746.1
80819;57.38;3859.9;1509.5;3431.28;47;51.803;8869
90819;58.53;3765.61;1508.5;3394.61;46.999;51.803;8757.8
100819;58.01;3765.61;1514.5;3382.71;46.999;51.836;8656.11
110819;57.35;3800.99;1518.64;3382.71;47;51.902;8635.12
120819;58.57;3803.04;1517.2;3382.71;47;52;8676.4
130819;61.3;3845.52;1514.1;3436.26;47.001;52.13;8695.1
140819;59.48;3792.93;1527.8;3407.76;47.001;52.281;8522.7
150819;58.23;3838.4;1531.2;3449.27;47.002;52.445;8519
160819;58.64;3859.9;1523.6;3447.76;47.003;52.609;8670.4
170819;59.15;3765.61;1516.03;3441.4;47.002;52.763;8786.3
180819;59.49;3800.99;1511.69;3441.4;47.002;52.897;8812.33
190819;59.74;3803.04;1511.6;3441.4;47;53;8733.3
200819;60.03;3845.52;1515.7;3441.4;46.997;53.064;8618.3
210819;60.3;3792.93;1515.7;3420.99;46.994;53.094;8701.5
220819;59.92;3840.21;1508.5;3385.28;46.992;53.097;8716.4
230819;59.34;3819.96;1537.6;3376.99;46.99;53.082;8649.5
240819;58.79;3808.68;1547.35;3399.95;46.991;53.055;8617.3
250819;58.49;3815.73;1539.04;3399.95;46.994;53.025;8632.71
260819;58.7;3798.2;1537.2;3399.95;47;53;8679.2
270819;59.51;3794.56;1551.8;3432.85;47.01;52.985;8728.9
280819;60.49;3745.47;1549.1;3457.89;47.021;52.979;8747.1
290819;61.08;3739.75;1536.9;3477.53;47.031;52.98;8794.3
300819;60.43;3816.11;1529.4;3464.15;47.036;52.985;8812.9
310819;59.87;3666.06;1534.42;3427.29;47.035;52.992;8819.01
10919;59.43;3809.68;1538.05;3427.29;47.023;52.998;8820.62
20919;58.66;3835.82;1535.15;3427.29;47;53;8815.5
30919;58.26;3850.12;1555.9;3427.29;46.964;52.997;8809.2
40919;60.7;3800.89;1560.4;3438.61;46.922;52.99;8856.6
50919;60.95;3781.2;1525.5;3401.04;46.886;52.982;8992.7
60919;61.54;3780.08;1515.5;3377.39;46.866;52.977;8990.1
70919;62.1;3781.95;1517.23;3361.7;46.871;52.976;8960.76
80919;62.39;3771.95;1517.72;3361.7;46.912;52.983;8962.79
90919;62.59;3751.78;1511.1;3361.7;47;53;9010.6
100919;62.38;3724.31;1499.2;3368.8;47.139;53.028;9078.2
110919;60.81;3694.31;1503.2;3373.75;47.314;53.061;9059.5
120919;60.38;3639.12;1507.4;3372.48;47.504;53.091;9082.3
130919;60.22;3649.28;1499.5;3359.2;47.688;53.108;9137.9
140919;63.77;3713.8;1499.03;3356.15;47.846;53.104;9147.08
150919;68.3;3715.94;1505.61;3356.15;47.957;53.071;9110.64
160919;69.02;3708.28;1511.5;3356.15;48;53;9052
170919;64.55;3723.4;1513.4;3364.43;47.961;52.887;9004.2
180919;63.6;3718.59;1515.8;3380.92;47.854;52.741;9031.7
190919;64.4;3700.2;1506.2;3377.79;47.699;52.576;9136
200919;64.28;3740.81;1515.1;3377.72;47.516;52.406;9179
210919;64.66;3719.8;1520.59;3402.32;47.325;52.244;9152.92
220919;65.18;3730.42;1522.57;3402.32;47.146;52.104;9106.89
230919;64.77;3762.81;1531.5;3402.32;47;52;9093.6
240919;63.1;3750.55;1540.2;3437.78;46.902;51.941;9118.2
250919;62.39;3775.24;1512.3;3438.66;46.849;51.92;9085.3
260919;62.74;3782.09;1515.2;3451.02;46.834;51.926;9129.7
270919;61.91;3757.94;1506.4;3435.71;46.849;51.948;9184.1
280919;61.59;3760.7;1488.57;3462.01;46.887;51.975;9222.28
290919;61.55;3783.25;1474.3;3462.01;46.94;51.996;9243.23
300919;60.78;3721.29;1472.9;3462.01;47;52;9244.6
11019;58.89;3728.77;1489;3477.45;47.06;51.98;9165.9
21019;57.69;3743.9;1507.9;3491.29;47.113;51.945;8912.2
31019;57.71;3829.37;1513.8;3497.34;47.151;51.908;8902.2
41019;58.37;3789.5;1512.9;3467.6;47.166;51.882;8961.8
51019;58.66;3789.5;1510.76;3430.28;47.151;51.88;9035.51
61019;58.56;3789.5;1508.01;3430.28;47.098;51.915;9082.69
71019;58.35;3770.5;1504.4;3430.28;47;52;9044.1
81019;58.24;3791.5;1503.9;3445.76;46.854;52.142;8940.1
91019;58.32;3790.7;1512.8;3452.57;46.675;52.324;8991.9
101019;59.1;3822.5;1500.9;3454.56;46.484;52.522;9104.4
111019;60.51;3818.2;1488.7;3458.42;46.3;52.712;9273.8
121019;60.91;3818.2;1491.92;3431.46;46.145;52.871;9304.13
131019;60.34;3818.2;1500.17;3431.46;46.038;52.975;9249.05
141019;59.35;3782.8;1497.6;3431.46;46;53;9246.5
151019;58.74;3777.6;1483.5;3431.46;46.044;52.932;9356.1
161019;59.42;3806.5;1494;3451.33;46.155;52.79;9386.7
171019;59.91;3842.3;1498.3;3459.55;46.314;52.605;9340
181019;59.42;3841.7;1494.1;3465.35;46.499;52.404;9329.8
191019;58.94;3841.7;1491.03;3428.63;46.689;52.217;9357.89
201019;58.78;3841.7;1489.63;3428.63;46.863;52.072;9392.64
211019;58.96;3824.8;1488.1;3428.63;47;52;9402.3
221019;59.7;3843.6;1487.5;3442.78;47.085;52.02;9380.2
231019;61.17;3810.9;1495.7;3430.3;47.124;52.118;9385
241019;61.67;3774.2;1504.7;3409.29;47.126;52.272;9391.8
251019;62.02;3785.4;1505.3;3387.72;47.104;52.46;9430.2
261019;61.97;3785.4;1503.45;3395.25;47.069;52.658;9448.9
271019;61.68;3785.4;1500.56;3395.25;47.03;52.846;9444.3
281019;61.57;3768.4;1495.8;3395.25;47;53;9433
291019;61.59;3748.1;1490.7;3382.19;46.986;53.103;9400.1
301019;60.61;3752.1;1496.7;3380.9;46.986;53.158;9284.5
311019;60.23;3780.8;1514.8;3389.94;46.994;53.173;9257.5
11119;61.69;3770.6;1511.4;3383.29;47.005;53.157;9328
21119;62.16;3770.6;1516.3;3339.19;47.013;53.117;9384.79
31119;61.87;3770.6;1523.23;3339.19;47.014;53.062;9410.32
41119;62.13;3708.4;1511.1;3339.19;47;53;9416.4
51119;62.96;3693.6;1483.7;3339.19;46.97;52.939;9407.9
61119;61.74;3669.3;1493.1;3318.47;46.932;52.886;9398.4
71119;62.29;3699.1;1466.4;3319.64;46.897;52.848;9447.3
81119;62.51;3660.5;1462.9;3327.02;46.875;52.834;9393.7
91119;62.46;3660.5;1462.91;3341.01;46.878;52.849;9376.9
101119;62.37;3660.5;1459.27;3341.01;46.916;52.902;9396.47
111119;62.18;3681.7;1457.1;3341.01;47;53;9388.5
121119;62.06;3678.8;1460.6;3341.01;47.136;53.145;9306.7
131119;62.37;3754;1470.2;3384.21;47.309;53.323;9194.5
141119;62.28;3767.8;1480.2;3441.89;47.497;53.513;9173.3
151119;63.3;3810.5;1475.4;3452.67;47.681;53.695;9261.4
161119;64.01;3810.5;1472.88;3421.26;47.84;53.85;9296.8
171119;63.77;3810.5;1475.25;3421.26;47.953;53.959;9278.18
181119;62.44;3790.5;1478.8;3421.26;48;54;9258
191119;60.91;3814;1481.2;3447.74;47.966;53.961;9259.2
201119;62.4;3803.6;1481;3434.49;47.865;53.855;9225.4
211119;63.97;3818.7;1470.5;3445.95;47.714;53.702;9214
221119;63.39;3785.2;1470.5;3440.66;47.533;53.52;9254.7
231119;62.9;3785.2;1468.41;3410.77;47.341;53.329;9293.13
241119;63.04;3776.46;1464.11;3410.77;47.157;53.15;9314.61
251119;63.65;3773.8;1463.8;3410.77;47;53;9319.9
261119;64.27;3785.8;1467.4;3433.94;46.885;52.896;9324.8
271119;64.06;3827.7;1460.8;3469.01;46.813;52.836;9362.7
281119;63.87;3856.9;1462.25;3502.92;46.781;52.814;9359
291119;62.43;3862.6;1472.7;3502.92;46.786;52.825;9352
301119;61.55;3862.6;1471.46;3522.48;46.827;52.864;9310.64
11219;61.28;3862.6;1465.26;3522.48;46.899;52.924;9238.54
21219;60.92;3872.7;1469.2;3522.48;47;53;9156.3
31219;60.82;3885.9;1484.4;3508.39;47.127;53.088;9135.7
41219;63;3878.4;1480.2;3506.67;47.272;53.189;9270.8
51219;63.39;3849;1483.1;3478.57;47.428;53.307;9243.4
61219;64.39;3837.1;1465.1;3459.97;47.586;53.444;9382.7
71219;64.74;3837.1;1456.19;3430.31;47.74;53.603;9456.95
81219;64.45;3837.1;1459.38;3430.31;47.88;53.787;9425.69
91219;64.25;3792;1464.9;3430.31;48;54;9354.6
101219;64.34;3788.3;1468.1;3418.48;48.092;54.239;9321.1
111219;63.72;3775;1475;3418.61;48.155;54.486;9392.5
121219;64.2;3757.3;1472.3;3387.73;48.188;54.716;9468.5
131219;65.22;3769.5;1481.2;3372.23;48.189;54.906;9563.7
141219;65.42;3769.5;1485.19;3374.29;48.159;55.033;9650.73
151219;65.19;3769.5;1482.9;3374.29;48.096;55.072;9698.41
161219;65.34;3773.6;1480.5;3374.29;48;55;9680.6
171219;66.1;3743.5;1480.6;3364.24;47.871;54.804;9615.9
181219;66.17;3719.2;1478.7;3347.86;47.72;54.512;9621.8
191219;66.54;3703;1484.4;3329.98;47.556;54.164;9617.2
201219;66.14;3679.9;1480.9;3322.38;47.391;53.8;9675.5
211219;65.8;3679.9;1476.34;3325.47;47.236;53.458;9698.18
221219;65.88;3679.9;1477.56;3325.47;47.102;53.178;9680.57
231219;66.39;3692.7;1488.7;3325.47;47;53;9659.6
241219;67.2;3667.1;1504.8;3316.92;46.938;52.951;9661.8
251219;67.71;3657.96;1504.05;3305.84;46.911;53.014;9675.24
261219;67.92;3649.75;1514.4;3305.84;46.91;53.16;9690.3
271219;68.16;3666.7;1518.1;3281.4;46.927;53.36;9700.5
281219;68.9;3666.7;1517.14;3294.05;46.953;53.586;9698.47
291219;69.37;3666.7;1516.32;3294.05;46.98;53.809;9673.16
301219;68.44;3605.32;1518.6;3294.05;47;54;9612.6
311219;66;3677.74;1523.1;3277.14;47.006;54.136;9549.2
10120;65.08;3680.16;1520.95;3277.14;47.002;54.217;9617.06
20120;66.25;3680.16;1528.1;3277.14;46.992;54.249;9691.2
30120;68.6;3633.79;1552.4;3258.84;46.981;54.238;9646.6
40120;69.55;3633.79;1564.61;3262.05;46.976;54.188;9614.02
50120;69.3;3627.74;1566.09;3262.05;46.98;54.107;9609.37
60120;68.91;3635.34;1568.8;3262.05;47;54;9600.9
70120;68.27;3633.13;1574.3;3262.05;47.04;53.872;9579.8
80120;65.44;3652.34;1560.2;3264.26;47.106;53.73;9591.4
90120;65.37;3600.96;1554.3;3254.42;47.202;53.579;9581.8
100120;64.98;3616.83;1560.1;3253.89;47.335;53.424;9573.6
110120;64.73;3616.83;1563.12;3272.62;47.509;53.273;9573.6
120120;64.85;3633.63;1560.15;3272.62;47.729;53.129;9573.6
130120;65.08;3633.63;1551.55;3272.62;48;53;9573.6
